step,time_hours,chi,ice_inertia_weight,ice_coriolis_weight,retry_stage,retry_attempts,coupling_iterations,picard_iterations,gmres_iterations,thickness_substeps,all_attempts_coupling_iterations,all_attempts_picard_iterations,all_attempts_gmres_iterations
1,0.08333333333333333,0.0,0.0,0.0,standard,1,12,45,166,1,12,45,166
2,0.16666666666666666,0.0,0.0,0.0,standard,1,13,31,117,1,13,31,117
3,0.25,0.0,0.0,0.0,standard,1,13,27,96,1,13,27,96
4,0.3333333333333333,0.0,0.0,0.0,standard,1,21,53,175,1,21,53,175
5,0.4166666666666667,0.0,0.0,0.0,standard,1,16,27,94,1,16,27,94
6,0.5,0.0,0.0,0.0,standard,1,11,22,88,1,11,22,88
7,0.5833333333333334,0.0,0.0,0.0,standard,1,12,17,71,1,12,17,71
8,0.6666666666666666,0.0,0.0,0.0,standard,1,10,13,51,1,10,13,51
9,0.75,0.0,0.0,0.0,standard,1,9,12,40,1,9,12,40
10,0.8333333333333334,0.0,0.0,0.0,standard,1,10,12,41,1,10,12,41
11,0.9166666666666666,0.0,0.0,0.0,standard,1,12,12,38,1,12,12,38
12,1.0,0.0,0.0,0.0,standard,1,9,11,37,1,9,11,37
13,1.0833333333333333,0.0,0.0,0.0,standard,1,9,11,39,1,9,11,39
14,1.1666666666666667,0.0,0.0,0.0,standard,1,11,12,38,1,11,12,38
15,1.25,0.0,0.0,0.0,standard,1,10,13,43,1,10,13,43
16,1.3333333333333333,0.0,0.0,0.0,standard,1,11,16,50,1,11,16,50
17,1.4166666666666667,0.0,0.0,0.0,standard,1,11,16,50,1,11,16,50
18,1.5,0.0,0.0,0.0,standard,1,9,16,47,1,9,16,47
19,1.5833333333333333,0.0,0.0,0.0,standard,1,9,17,48,1,9,17,48
20,1.6666666666666667,0.0,0.0,0.0,standard,1,9,17,49,1,9,17,49
21,1.75,0.0,0.0,0.0,standard,1,8,15,45,1,8,15,45
22,1.8333333333333333,0.0,0.0,0.0,standard,1,9,32,94,1,9,32,94
23,1.9166666666666667,0.0,0.0,0.0,standard,1,4,57,159,1,4,57,159
24,2.0,0.0,0.0,0.0,standard,1,7,31,83,1,7,31,83
25,2.0833333333333335,0.0,0.0,0.0,standard,1,12,23,65,1,12,23,65
26,2.1666666666666665,0.0,0.0,0.0,standard,1,10,15,41,1,10,15,41
27,2.25,0.0,0.0,0.0,standard,1,14,15,40,1,14,15,40
28,2.3333333333333335,0.0,0.0,0.0,standard,1,11,11,25,1,11,11,25
29,2.4166666666666665,0.0,0.0,0.0,standard,1,17,19,46,1,17,19,46
30,2.5,0.0,0.0,0.0,standard,1,15,40,110,1,15,40,110
31,2.5833333333333335,0.0,0.0,0.0,standard,1,14,31,86,1,14,31,86
32,2.6666666666666665,0.0,0.0,0.0,standard,1,10,20,57,1,10,20,57
33,2.75,0.0,0.0,0.0,standard,1,10,22,61,1,10,22,61
34,2.8333333333333335,0.0,0.0,0.0,standard,1,8,20,62,1,8,20,62
35,2.9166666666666665,0.0,0.0,0.0,standard,1,13,31,85,1,13,31,85
36,3.0,0.0,0.0,0.0,standard,1,12,25,68,1,12,25,68
37,3.0833333333333335,0.0,0.0,0.0,standard,1,12,27,72,1,12,27,72
38,3.1666666666666665,0.0,0.0,0.0,standard,1,16,36,95,1,16,36,95
39,3.25,0.0,0.0,0.0,standard,1,11,20,51,1,11,20,51
40,3.3333333333333335,0.0,0.0,0.0,standard,1,14,25,65,1,14,25,65
41,3.4166666666666665,0.0,0.0,0.0,standard,1,13,14,35,1,13,14,35
42,3.5,0.0,0.0,0.0,standard,1,11,11,25,1,11,11,25
43,3.5833333333333335,0.0,0.0,0.0,standard,1,10,10,24,1,10,10,24
44,3.6666666666666665,0.0,0.0,0.0,standard,1,10,10,24,1,10,10,24
45,3.75,0.0,0.0,0.0,standard,1,12,13,34,1,12,13,34
46,3.8333333333333335,0.0,0.0,0.0,standard,1,11,16,41,1,11,16,41
47,3.9166666666666665,0.0,0.0,0.0,standard,1,12,18,48,1,12,18,48
48,4.0,0.0,0.0,0.0,standard,1,14,20,52,1,14,20,52
49,4.083333333333333,0.0,0.0,0.0,standard,1,13,24,65,1,13,24,65
50,4.166666666666667,0.0,0.0,0.0,standard,1,8,20,58,1,8,20,58
51,4.25,0.0,0.0,0.0,standard,1,9,22,62,1,9,22,62
52,4.333333333333333,0.0,0.0,0.0,standard,1,18,50,130,1,18,50,130
53,4.416666666666667,0.0,0.0,0.0,standard,1,31,53,121,1,31,53,121
54,4.5,0.0,0.0,0.0,standard,1,9,22,56,1,9,22,56
55,4.583333333333333,0.0,0.0,0.0,standard,1,10,34,92,1,10,34,92
56,4.666666666666667,0.0,0.0,0.0,standard,1,13,27,68,1,13,27,68
57,4.75,0.0,0.0,0.0,standard,1,12,24,60,1,12,24,60
58,4.833333333333333,0.0,0.0,0.0,standard,1,10,23,59,1,10,23,59
59,4.916666666666667,0.0,0.0,0.0,standard,1,10,30,79,1,10,30,79
60,5.0,0.0,0.0,0.0,standard,1,7,21,57,1,7,21,57
61,5.083333333333333,0.0,0.0,0.0,standard,1,7,26,68,1,7,26,68
62,5.166666666666667,0.0,0.0,0.0,standard,1,11,20,55,1,11,20,55
63,5.25,0.0,0.0,0.0,standard,1,10,15,40,1,10,15,40
64,5.333333333333333,0.0,0.0,0.0,standard,1,9,18,47,1,9,18,47
65,5.416666666666667,0.0,0.0,0.0,standard,1,13,27,70,1,13,27,70
66,5.5,0.0,0.0,0.0,standard,1,9,19,49,1,9,19,49
67,5.583333333333333,0.0,0.0,0.0,standard,1,9,20,52,1,9,20,52
68,5.666666666666667,0.0,0.0,0.0,standard,1,8,18,49,1,8,18,49
69,5.75,0.0,0.0,0.0,standard,1,12,16,42,1,12,16,42
70,5.833333333333333,0.0,0.0,0.0,standard,1,13,17,45,1,13,17,45
71,5.916666666666667,0.0,0.0,0.0,standard,1,13,14,36,1,13,14,36
72,6.0,0.0,0.0,0.0,standard,1,15,16,40,1,15,16,40
73,6.083333333333333,0.0,0.0,0.0,standard,1,13,14,35,1,13,14,35
74,6.166666666666667,0.0,0.0,0.0,standard,1,13,14,36,1,13,14,36
75,6.25,0.0,0.0,0.0,standard,1,11,14,36,1,11,14,36
76,6.333333333333333,0.0,0.0,0.0,standard,1,11,19,53,1,11,19,53
77,6.416666666666667,0.0,0.0,0.0,standard,1,10,22,59,1,10,22,59
78,6.5,0.0,0.0,0.0,standard,1,11,18,49,1,11,18,49
79,6.583333333333333,0.0,0.0,0.0,standard,1,12,22,60,1,12,22,60
80,6.666666666666667,0.0,0.0,0.0,standard,1,18,31,82,1,18,31,82
81,6.75,0.0,0.0,0.0,standard,1,14,39,108,1,14,39,108
82,6.833333333333333,0.0,0.0,0.0,standard,1,7,23,67,1,7,23,67
83,6.916666666666667,0.0,0.0,0.0,standard,1,11,21,58,1,11,21,58
84,7.0,0.0,0.0,0.0,standard,1,16,27,69,1,16,27,69
85,7.083333333333333,0.0,0.0,0.0,standard,1,10,28,72,1,10,28,72
86,7.166666666666667,0.0,0.0,0.0,standard,1,10,36,93,1,10,36,93
87,7.25,0.0,0.0,0.0,standard,1,9,17,43,1,9,17,43
88,7.333333333333333,0.0,0.0,0.0,standard,1,7,22,62,1,7,22,62
89,7.416666666666667,0.0,0.0,0.0,standard,1,7,32,87,1,7,32,87
90,7.5,0.0,0.0,0.0,standard,1,10,16,40,1,10,16,40
91,7.583333333333333,0.0,0.0,0.0,standard,1,10,11,30,1,10,11,30
92,7.666666666666667,0.0,0.0,0.0,standard,1,10,14,38,1,10,14,38
93,7.75,0.0,0.0,0.0,standard,1,6,14,38,1,6,14,38
94,7.833333333333333,0.0,0.0,0.0,standard,1,8,15,41,1,8,15,41
95,7.916666666666667,0.0,0.0,0.0,standard,1,12,13,34,1,12,13,34
96,8.0,0.0,0.0,0.0,standard,1,12,15,38,1,12,15,38
97,8.083333333333334,0.0,0.0,0.0,standard,1,12,23,65,1,12,23,65
98,8.166666666666666,0.0,0.0,0.0,standard,1,17,23,60,1,17,23,60
99,8.25,0.0,0.0,0.0,standard,1,8,11,30,1,8,11,30
100,8.333333333333334,0.0,0.0,0.0,standard,1,7,22,58,1,7,22,58
101,8.416666666666666,0.0,0.0,0.0,standard,1,7,23,69,1,7,23,69
102,8.5,0.0,0.0,0.0,standard,1,12,26,81,1,12,26,81
103,8.583333333333334,0.0,0.0,0.0,standard,1,14,35,107,1,14,35,107
104,8.666666666666666,0.0,0.0,0.0,standard,1,12,30,87,1,12,30,87
105,8.75,0.0,0.0,0.0,standard,1,9,21,62,1,9,21,62
106,8.833333333333334,0.0,0.0,0.0,standard,1,15,31,93,1,15,31,93
107,8.916666666666666,0.0,0.0,0.0,standard,1,9,22,66,1,9,22,66
108,9.0,0.0,0.0,0.0,standard,1,12,13,39,1,12,13,39
109,9.083333333333334,0.0,0.0,0.0,standard,1,12,13,34,1,12,13,34
110,9.166666666666666,0.0,0.0,0.0,standard,1,11,11,26,1,11,11,26
111,9.25,0.0,0.0,0.0,standard,1,8,8,24,1,8,8,24
112,9.333333333333334,0.0,0.0,0.0,standard,1,9,22,67,1,9,22,67
113,9.416666666666666,0.0,0.0,0.0,standard,1,11,32,99,1,11,32,99
114,9.5,0.0,0.0,0.0,standard,1,8,16,41,1,8,16,41
115,9.583333333333334,0.0,0.0,0.0,standard,1,8,17,53,1,8,17,53
116,9.666666666666666,0.0,0.0,0.0,standard,1,10,20,61,1,10,20,61
117,9.75,0.0,0.0,0.0,standard,1,10,29,80,1,10,29,80
118,9.833333333333334,0.0,0.0,0.0,standard,1,11,20,51,1,11,20,51
119,9.916666666666666,0.0,0.0,0.0,standard,1,10,26,66,1,10,26,66
120,10.0,0.0,0.0,0.0,standard,1,10,16,37,1,10,16,37
121,10.083333333333334,0.0,0.0,0.0,standard,1,7,23,63,1,7,23,63
122,10.166666666666666,0.0,0.0,0.0,standard,1,9,24,77,1,9,24,77
123,10.25,0.0,0.0,0.0,standard,1,10,22,62,1,10,22,62
124,10.333333333333334,0.0,0.0,0.0,standard,1,8,15,46,1,8,15,46
125,10.416666666666666,0.0,0.0,0.0,standard,1,10,32,99,1,10,32,99
126,10.5,0.0,0.0,0.0,standard,1,14,64,202,1,14,64,202
127,10.583333333333334,0.0,0.0,0.0,standard,1,8,24,72,1,8,24,72
128,10.666666666666666,0.0,0.0,0.0,standard,1,7,37,114,1,7,37,114
129,10.75,0.0,0.0,0.0,standard,1,13,27,81,1,13,27,81
130,10.833333333333334,0.0,0.0,0.0,standard,1,12,13,39,1,12,13,39
131,10.916666666666666,0.0,0.0,0.0,standard,1,9,10,30,1,9,10,30
132,11.0,0.0,0.0,0.0,standard,1,7,8,24,1,7,8,24
133,11.083333333333334,0.0,0.0,0.0,standard,1,8,8,22,1,8,8,22
134,11.166666666666666,0.0,0.0,0.0,standard,1,7,7,16,1,7,7,16
135,11.25,0.0,0.0,0.0,standard,1,7,7,18,1,7,7,18
136,11.333333333333334,0.0,0.0,0.0,standard,1,8,8,24,1,8,8,24
137,11.416666666666666,0.0,0.0,0.0,standard,1,8,8,22,1,8,8,22
138,11.5,0.0,0.0,0.0,standard,1,8,8,19,1,8,8,19
139,11.583333333333334,0.0,0.0,0.0,standard,1,10,11,27,1,10,11,27
140,11.666666666666666,0.0,0.0,0.0,standard,1,10,16,48,1,10,16,48
141,11.75,0.0,0.0,0.0,standard,1,9,17,51,1,9,17,51
142,11.833333333333334,0.0,0.0,0.0,standard,1,10,16,48,1,10,16,48
143,11.916666666666666,0.0,0.0,0.0,standard,1,7,20,59,1,7,20,59
144,12.0,0.0,0.0,0.0,standard,1,9,23,74,1,9,23,74
145,12.083333333333334,0.0,0.0,0.0,standard,1,8,28,90,1,8,28,90
146,12.166666666666666,0.0,0.0,0.0,standard,1,10,35,109,1,10,35,109
147,12.25,0.0,0.0,0.0,standard,1,11,46,140,1,11,46,140
148,12.333333333333334,0.0,0.0,0.0,standard,1,9,68,218,1,9,68,218
149,12.416666666666666,0.0,0.0,0.0,standard,1,9,36,111,1,9,36,111
150,12.5,0.0,0.0,0.0,standard,1,8,43,131,1,8,43,131
151,12.583333333333334,0.0,0.0,0.0,standard,1,10,24,72,1,10,24,72
152,12.666666666666666,0.0,0.0,0.0,standard,1,10,21,63,1,10,21,63
153,12.75,0.0,0.0,0.0,standard,1,12,16,47,1,12,16,47
154,12.833333333333334,0.0,0.0,0.0,standard,1,10,11,29,1,10,11,29
155,12.916666666666666,0.0,0.0,0.0,standard,1,9,12,35,1,9,12,35
156,13.0,0.0,0.0,0.0,standard,1,7,8,24,1,7,8,24
157,13.083333333333334,0.0,0.0,0.0,standard,1,8,8,24,1,8,8,24
158,13.166666666666666,0.0,0.0,0.0,standard,1,11,13,37,1,11,13,37
159,13.25,0.0,0.0,0.0,standard,1,10,11,31,1,10,11,31
160,13.333333333333334,0.0,0.0,0.0,standard,1,10,11,33,1,10,11,33
161,13.416666666666666,0.0,0.0,0.0,standard,1,10,11,33,1,10,11,33
162,13.5,0.0,0.0,0.0,standard,1,8,16,48,1,8,16,48
163,13.583333333333334,0.0,0.0,0.0,standard,1,8,20,60,1,8,20,60
164,13.666666666666666,0.0,0.0,0.0,standard,1,10,18,54,1,10,18,54
165,13.75,0.0,0.0,0.0,standard,1,9,23,75,1,9,23,75
166,13.833333333333334,0.0,0.0,0.0,standard,1,10,21,65,1,10,21,65
167,13.916666666666666,0.0,0.0,0.0,standard,1,11,20,63,1,11,20,63
168,14.0,0.0,0.0,0.0,standard,1,7,35,108,1,7,35,108
169,14.083333333333334,0.0,0.0,0.0,standard,1,10,78,251,1,10,78,251
170,14.166666666666666,0.0,0.0,0.0,standard,1,9,40,122,1,9,40,122
171,14.25,0.0,0.0,0.0,standard,1,5,41,125,1,5,41,125
172,14.333333333333334,0.0,0.0,0.0,standard,1,7,24,72,1,7,24,72
173,14.416666666666666,0.0,0.0,0.0,standard,1,8,9,27,1,8,9,27
174,14.5,0.0,0.0,0.0,standard,1,8,11,33,1,8,11,33
175,14.583333333333334,0.0,0.0,0.0,standard,1,9,10,29,1,9,10,29
176,14.666666666666666,0.0,0.0,0.0,standard,1,10,11,30,1,10,11,30
177,14.75,0.0,0.0,0.0,standard,1,9,12,36,1,9,12,36
178,14.833333333333334,0.0,0.0,0.0,standard,1,10,13,38,1,10,13,38
179,14.916666666666666,0.0,0.0,0.0,standard,1,8,14,41,1,8,14,41
180,15.0,0.0,0.0,0.0,standard,1,6,20,61,1,6,20,61
181,15.083333333333334,0.0,0.0,0.0,standard,1,7,34,103,1,7,34,103
182,15.166666666666666,0.0,0.0,0.0,standard,1,5,31,93,1,5,31,93
183,15.25,0.0,0.0,0.0,standard,1,8,37,111,1,8,37,111
184,15.333333333333334,0.0,0.0,0.0,standard,1,9,17,51,1,9,17,51
185,15.416666666666666,0.0,0.0,0.0,standard,1,7,24,77,1,7,24,77
186,15.5,0.0,0.0,0.0,standard,1,8,26,81,1,8,26,81
187,15.583333333333334,0.0,0.0,0.0,standard,1,9,29,89,1,9,29,89
188,15.666666666666666,0.0,0.0,0.0,standard,1,7,50,151,1,7,50,151
189,15.75,0.0,0.0,0.0,standard,1,8,69,225,1,8,69,225
190,15.833333333333334,0.0,0.0,0.0,standard,1,8,46,143,1,8,46,143
191,15.916666666666666,0.0,0.0,0.0,standard,1,5,36,110,1,5,36,110
192,16.0,0.0,0.0,0.0,standard,1,8,18,54,1,8,18,54
193,16.083333333333332,0.0,0.0,0.0,standard,1,7,8,24,1,7,8,24
194,16.166666666666668,0.0,0.0,0.0,standard,1,8,12,36,1,8,12,36
195,16.25,0.0,0.0,0.0,standard,1,8,11,32,1,8,11,32
196,16.333333333333332,0.0,0.0,0.0,standard,1,10,12,34,1,10,12,34
197,16.416666666666668,0.0,0.0,0.0,standard,1,7,8,23,1,7,8,23
198,16.5,0.0,0.0,0.0,standard,1,12,13,35,1,12,13,35
199,16.583333333333332,0.0,0.0,0.0,standard,1,12,13,39,1,12,13,39
200,16.666666666666668,0.0,0.0,0.0,standard,1,10,11,30,1,10,11,30
201,16.75,0.0,0.0,0.0,standard,1,7,12,36,1,7,12,36
202,16.833333333333332,0.0,0.0,0.0,standard,1,10,29,87,1,10,29,87
203,16.916666666666668,0.0,0.0,0.0,standard,1,6,13,37,1,6,13,37
204,17.0,0.0,0.0,0.0,standard,1,8,26,81,1,8,26,81
205,17.083333333333332,0.0,0.0,0.0,standard,1,9,26,84,1,9,26,84
206,17.166666666666668,0.0,0.0,0.0,standard,1,8,26,77,1,8,26,77
207,17.25,0.0,0.0,0.0,standard,1,7,66,208,1,7,66,208
208,17.333333333333332,0.0,0.0,0.0,standard,1,8,45,148,1,8,45,148
209,17.416666666666668,0.0,0.0,0.0,standard,1,7,44,136,1,7,44,136
210,17.5,0.0,0.0,0.0,standard,1,7,24,72,1,7,24,72
211,17.583333333333332,0.0,0.0,0.0,standard,1,8,13,39,1,8,13,39
212,17.666666666666668,0.0,0.0,0.0,standard,1,10,11,33,1,10,11,33
213,17.75,0.0,0.0,0.0,standard,1,8,11,33,1,8,11,33
214,17.833333333333332,0.0,0.0,0.0,standard,1,12,14,40,1,12,14,40
215,17.916666666666668,0.0,0.0,0.0,standard,1,11,14,39,1,11,14,39
216,18.0,0.0,0.0,0.0,standard,1,11,14,37,1,11,14,37
217,18.083333333333332,0.0,0.0,0.0,standard,1,11,14,39,1,11,14,39
218,18.166666666666668,0.0,0.0,0.0,standard,1,8,23,69,1,8,23,69
219,18.25,0.0,0.0,0.0,standard,1,11,29,86,1,11,29,86
220,18.333333333333332,0.0,0.0,0.0,standard,1,10,24,73,1,10,24,73
221,18.416666666666668,0.0,0.0,0.0,standard,1,6,23,70,1,6,23,70
222,18.5,0.0,0.0,0.0,standard,1,7,34,105,1,7,34,105
223,18.583333333333332,0.0,0.0,0.0,standard,1,11,28,89,1,11,28,89
224,18.666666666666668,0.0,0.0,0.0,standard,1,7,51,157,1,7,51,157
225,18.75,0.0,0.0,0.0,standard,1,8,62,207,1,8,62,207
226,18.833333333333332,0.0,0.0,0.0,standard,1,7,43,133,1,7,43,133
227,18.916666666666668,0.0,0.0,0.0,standard,1,7,32,96,1,7,32,96
228,19.0,0.0,0.0,0.0,standard,1,10,15,45,1,10,15,45
229,19.083333333333332,0.0,0.0,0.0,standard,1,11,14,40,1,11,14,40
230,19.166666666666668,0.0,0.0,0.0,standard,1,11,14,40,1,11,14,40
231,19.25,0.0,0.0,0.0,standard,1,10,12,35,1,10,12,35
232,19.333333333333332,0.0,0.0,0.0,standard,1,10,11,33,1,10,11,33
233,19.416666666666668,0.0,0.0,0.0,standard,1,14,30,93,1,14,30,93
234,19.5,0.0,0.0,0.0,standard,1,9,11,33,1,9,11,33
235,19.583333333333332,0.0,0.0,0.0,standard,1,9,27,81,1,9,27,81
236,19.666666666666668,0.0,0.0,0.0,standard,1,9,25,75,1,9,25,75
237,19.75,0.0,0.0,0.0,standard,1,9,24,74,1,9,24,74
238,19.833333333333332,0.0,0.0,0.0,standard,1,9,24,78,1,9,24,78
239,19.916666666666668,0.0,0.0,0.0,standard,1,10,20,63,1,10,20,63
240,20.0,0.0,0.0,0.0,standard,1,10,47,156,1,10,47,156
241,20.083333333333332,0.0,0.0,0.0,standard,1,8,48,153,1,8,48,153
242,20.166666666666668,0.0,0.0,0.0,standard,1,9,34,109,1,9,34,109
243,20.25,0.0,0.0,0.0,standard,1,7,24,72,1,7,24,72
244,20.333333333333332,0.0,0.0,0.0,standard,1,10,19,57,1,10,19,57
245,20.416666666666668,0.0,0.0,0.0,standard,1,9,12,36,1,9,12,36
246,20.5,0.0,0.0,0.0,standard,1,9,12,36,1,9,12,36
247,20.583333333333332,0.0,0.0,0.0,standard,1,11,14,42,1,11,14,42
248,20.666666666666668,0.0,0.0,0.0,standard,1,11,12,36,1,11,12,36
249,20.75,0.0,0.0,0.0,standard,1,10,21,63,1,10,21,63
250,20.833333333333332,0.0,0.0,0.0,standard,1,10,30,92,1,10,30,92
251,20.916666666666668,0.0,0.0,0.0,standard,1,15,25,75,1,15,25,75
252,21.0,0.0,0.0,0.0,standard,1,7,29,94,1,7,29,94
253,21.083333333333332,0.0,0.0,0.0,standard,1,8,19,58,1,8,19,58
254,21.166666666666668,0.0,0.0,0.0,standard,1,11,27,84,1,11,27,84
255,21.25,0.0,0.0,0.0,standard,1,9,33,106,1,9,33,106
256,21.333333333333332,0.0,0.0,0.0,standard,1,10,48,154,1,10,48,154
257,21.416666666666668,0.0,0.0,0.0,standard,1,9,32,102,1,9,32,102
258,21.5,0.0,0.0,0.0,standard,1,10,21,63,1,10,21,63
259,21.583333333333332,0.0,0.0,0.0,standard,1,8,14,42,1,8,14,42
260,21.666666666666668,0.0,0.0,0.0,standard,1,7,23,71,1,7,23,71
261,21.75,0.0,0.0,0.0,standard,1,8,23,70,1,8,23,70
262,21.833333333333332,0.0,0.0,0.0,standard,1,8,35,106,1,8,35,106
263,21.916666666666668,0.0,0.0,0.0,standard,1,12,34,103,1,12,34,103
264,22.0,0.0,0.0,0.0,standard,1,8,30,92,1,8,30,92
265,22.083333333333332,0.0,0.0,0.0,standard,1,7,28,86,1,7,28,86
266,22.166666666666668,0.0,0.0,0.0,standard,1,13,20,60,1,13,20,60
267,22.25,0.0,0.0,0.0,standard,1,12,21,64,1,12,21,64
268,22.333333333333332,0.0,0.0,0.0,standard,1,13,44,140,1,13,44,140
269,22.416666666666668,0.0,0.0,0.0,standard,1,11,21,65,1,11,21,65
270,22.5,0.0,0.0,0.0,standard,1,9,51,165,1,9,51,165
271,22.583333333333332,0.0,0.0,0.0,standard,1,11,36,114,1,11,36,114
272,22.666666666666668,0.0,0.0,0.0,standard,1,8,20,61,1,8,20,61
273,22.75,0.0,0.0,0.0,standard,1,12,31,94,1,12,31,94
274,22.833333333333332,0.0,0.0,0.0,standard,1,14,25,75,1,14,25,75
275,22.916666666666668,0.0,0.0,0.0,standard,1,12,30,91,1,12,30,91
276,23.0,0.0,0.0,0.0,standard,1,10,26,78,1,10,26,78
277,23.083333333333332,0.0,0.0,0.0,standard,1,13,14,39,1,13,14,39
278,23.166666666666668,0.0,0.0,0.0,standard,1,8,8,24,1,8,8,24
279,23.25,0.0,0.0,0.0,standard,1,14,15,45,1,14,15,45
280,23.333333333333332,0.0,0.0,0.0,standard,1,12,17,52,1,12,17,52
281,23.416666666666668,0.0,0.0,0.0,standard,1,14,28,85,1,14,28,85
282,23.5,0.0,0.0,0.0,standard,1,9,25,80,1,9,25,80
283,23.583333333333332,0.0,0.0,0.0,standard,1,12,52,174,1,12,52,174
284,23.666666666666668,0.0,0.0,0.0,standard,1,16,38,120,1,16,38,120
285,23.75,0.0,0.0,0.0,standard,1,11,30,92,1,11,30,92
286,23.833333333333332,0.0,0.0,0.0,standard,1,12,21,63,1,12,21,63
287,23.916666666666668,0.0,0.0,0.0,standard,1,14,15,45,1,14,15,45
288,24.0,0.0,0.0,0.0,standard,1,14,17,51,1,14,17,51
